Workbook

Sheet 使用说明
B2: 失败客户分析数据模板
B4: 适用对象 | C4: 销售总监 + CS 总监 + 老板
B5: 使用步骤 | C5: ① 每个失败客户填『失败客户登记表』黄色单元格 ② 切换『7 大类型分布』自动统计 ③ 切换『销售个人失败分析』看哪个销售问题大 ④ 切换『产品价格分析』看产品问题 ⑤ 切换『流程改进追踪』管理改进动作 ⑥ 切换『月度复盘』看趋势
B6: 关键概念 | C6: 7 大失败类型： A. 时机型（25%）- 不是时候 B. 价格型（20%）- 嫌贵 C. 价值型（15%）- 没听懂 D. 关系型（12%）- 决策人变 E. 信任型（10%）- 怕失败 F. 竞品型（8%）- 竞品锁 G. 内部型（10%）- 团队反对
B7: 分析频次 | C7: 每周 1 次：销售总监审核新增失败客户 每月 1 次：老板 + 全员复盘 每季度 1 次：产品 + 销售 + CS 三方深度复盘

Sheet 失败客户登记表
A1: 失败客户登记表（黄色=输入，绿色=自动）
A3: # | B3: 段 | C3: 客户名 | D3: 负责销售 | E3: 失败日期 | F3: 失败类型 | G3: 接触次数 | H3: 拜访次数 | I3: 最大反对意见 | J3: 销售自评（错的事） | K3: 客户访谈日期 | L3: 客户原话 | M3: 处置
A4: 1 | B4: A | C4: 邯郸 XX 钢贸 | D4: B1 | E4: 2026-06-20 | F4: B价格 | G4: 3 | H4: 2 | I4: 竞品价格便宜 40% | J4: 没讲清楚价值故事 | K4: 2026-06-22 | L4: 你们贵但我没看到值多少 | M4: 降低期望换签
A5: 2
A6: 3
A7: 4
A8: 5
A9: 6
A10: 7
A11: 8
A12: 9
A13: 10
A14: 11
A15: 12
A16: 13
... A33: 30

Sheet 7大类型分布
B2: 7 大失败类型自动统计
B4: 类型 | C4: 数量 | D4: 占比 | E4: 改进重点
B5: A 时机 | C5: =COUNTIF('失败客户登记表'!F4:F33,"A时机") | D5: =IFERROR(C5/SUM($C$5:$C$11),0) | E5: 客户筛选 + 0 首付 + 6 月再启动
B6: B 价格 | C6: =COUNTIF('失败客户登记表'!F4:F33,"B价格") | D6: =IFERROR(C6/SUM($C$5:$C$11),0) | E6: 不正面降价 + 算 ROI + 三位一体捆绑
B7: C 价值 | C7: =COUNTIF('失败客户登记表'!F4:F33,"C价值") | D7: =IFERROR(C7/SUM($C$5:$C$11),0) | E7: 强制顾问式 + 5 客户故事 + 健康度自评
B8: D 关系 | C8: =COUNTIF('失败客户登记表'!F4:F33,"D关系") | D8: =IFERROR(C8/SUM($C$5:$C$11),0) | E8: 多层接触 + CRM 标签 + 季度回访
B9: E 信任 | C9: =COUNTIF('失败客户登记表'!F4:F33,"E信任") | D9: =IFERROR(C9/SUM($C$5:$C$11),0) | E9: 风险逆转 + 同行背书 + CS SOP
B10: F 竞品 | C10: =COUNTIF('失败客户登记表'!F4:F33,"F竞品") | D10: =IFERROR(C10/SUM($C$5:$C$11),0) | E10: 不正面打 + 差异化 + 未来再争夺
B11: G 内部 | C11: =COUNTIF('失败客户登记表'!F4:F33,"G内部") | D11: =IFERROR(C11/SUM($C$5:$C$11),0) | E11: 培养内部代言人 + 绕开反对者
B12: 合计 | C12: =SUM(C5:C11)

Sheet 销售个人失败分析
B2: 9 销售个人失败客户分析
B4: 销售 | C4: 总失败 | D4: A时机 | E4: B价格 | F4: C价值 | G4: D关系 | H4: E信任 | I4: F竞品 | J4: G内部 | K4: 主要改进点
B5: A1 | C5: =COUNTIF('失败客户登记表'!D4:D33,"A1") | D5: =COUNTIFS('失败客户登记表'!D4:D33,"A1",'失败客户登记表'!F4:F33,"A时机") | E5: =COUNTIFS('失败客户登记表'!D4:D33,"A1",'失败客户登记表'!F4:F33,"B价格") | F5: =COUNTIFS('失败客户登记表'!D4:D33,"A1",'失败客户登记表'!F4:F33,"C价值") | G5: =COUNTIFS('失败客户登记表'!D4:D33,"A1",'失败客户登记表'!F4:F33,"D关系") | H5: =COUNTIFS('失败客户登记表'!D4:D33,"A1",'失败客户登记表'!F4:F33,"E信任") | I5: =COUNTIFS('失败客户登记表'!D4:D33,"A1",'失败客户登记表'!F4:F33,"F竞品") | J5: =COUNTIFS('失败客户登记表'!D4:D33,"A1",'失败客户登记表'!F4:F33,"G内部")
B6: A2 | C6: =COUNTIF('失败客户登记表'!D4:D33,"A2") | D6: =COUNTIFS('失败客户登记表'!D4:D33,"A2",'失败客户登记表'!F4:F33,"A时机") | E6: =COUNTIFS('失败客户登记表'!D4:D33,"A2",'失败客户登记表'!F4:F33,"B价格") | F6: =COUNTIFS('失败客户登记表'!D4:D33,"A2",'失败客户登记表'!F4:F33,"C价值") | G6: =COUNTIFS('失败客户登记表'!D4:D33,"A2",'失败客户登记表'!F4:F33,"D关系") | H6: =COUNTIFS('失败客户登记表'!D4:D33,"A2",'失败客户登记表'!F4:F33,"E信任") | I6: =COUNTIFS('失败客户登记表'!D4:D33,"A2",'失败客户登记表'!F4:F33,"F竞品") | J6: =COUNTIFS('失败客户登记表'!D4:D33,"A2",'失败客户登记表'!F4:F33,"G内部")
B7: A3 | C7: =COUNTIF('失败客户登记表'!D4:D33,"A3") | D7: =COUNTIFS('失败客户登记表'!D4:D33,"A3",'失败客户登记表'!F4:F33,"A时机") | E7: =COUNTIFS('失败客户登记表'!D4:D33,"A3",'失败客户登记表'!F4:F33,"B价格") | F7: =COUNTIFS('失败客户登记表'!D4:D33,"A3",'失败客户登记表'!F4:F33,"C价值") | G7: =COUNTIFS('失败客户登记表'!D4:D33,"A3",'失败客户登记表'!F4:F33,"D关系") | H7: =COUNTIFS('失败客户登记表'!D4:D33,"A3",'失败客户登记表'!F4:F33,"E信任") | I7: =COUNTIFS('失败客户登记表'!D4:D33,"A3",'失败客户登记表'!F4:F33,"F竞品") | J7: =COUNTIFS('失败客户登记表'!D4:D33,"A3",'失败客户登记表'!F4:F33,"G内部")
B8: B1 | C8: =COUNTIF('失败客户登记表'!D4:D33,"B1") | D8: =COUNTIFS('失败客户登记表'!D4:D33,"B1",'失败客户登记表'!F4:F33,"A时机") | E8: =COUNTIFS('失败客户登记表'!D4:D33,"B1",'失败客户登记表'!F4:F33,"B价格") | F8: =COUNTIFS('失败客户登记表'!D4:D33,"B1",'失败客户登记表'!F4:F33,"C价值") | G8: =COUNTIFS('失败客户登记表'!D4:D33,"B1",'失败客户登记表'!F4:F33,"D关系") | H8: =COUNTIFS('失败客户登记表'!D4:D33,"B1",'失败客户登记表'!F4:F33,"E信任") | I8: =COUNTIFS('失败客户登记表'!D4:D33,"B1",'失败客户登记表'!F4:F33,"F竞品") | J8: =COUNTIFS('失败客户登记表'!D4:D33,"B1",'失败客户登记表'!F4:F33,"G内部")
B9: B2 | C9: =COUNTIF('失败客户登记表'!D4:D33,"B2") | D9: =COUNTIFS('失败客户登记表'!D4:D33,"B2",'失败客户登记表'!F4:F33,"A时机") | E9: =COUNTIFS('失败客户登记表'!D4:D33,"B2",'失败客户登记表'!F4:F33,"B价格") | F9: =COUNTIFS('失败客户登记表'!D4:D33,"B2",'失败客户登记表'!F4:F33,"C价值") | G9: =COUNTIFS('失败客户登记表'!D4:D33,"B2",'失败客户登记表'!F4:F33,"D关系") | H9: =COUNTIFS('失败客户登记表'!D4:D33,"B2",'失败客户登记表'!F4:F33,"E信任") | I9: =COUNTIFS('失败客户登记表'!D4:D33,"B2",'失败客户登记表'!F4:F33,"F竞品") | J9: =COUNTIFS('失败客户登记表'!D4:D33,"B2",'失败客户登记表'!F4:F33,"G内部")
B10: B3 | C10: =COUNTIF('失败客户登记表'!D4:D33,"B3") | D10: =COUNTIFS('失败客户登记表'!D4:D33,"B3",'失败客户登记表'!F4:F33,"A时机") | E10: =COUNTIFS('失败客户登记表'!D4:D33,"B3",'失败客户登记表'!F4:F33,"B价格") | F10: =COUNTIFS('失败客户登记表'!D4:D33,"B3",'失败客户登记表'!F4:F33,"C价值") | G10: =COUNTIFS('失败客户登记表'!D4:D33,"B3",'失败客户登记表'!F4:F33,"D关系") | H10: =COUNTIFS('失败客户登记表'!D4:D33,"B3",'失败客户登记表'!F4:F33,"E信任") | I10: =COUNTIFS('失败客户登记表'!D4:D33,"B3",'失败客户登记表'!F4:F33,"F竞品") | J10: =COUNTIFS('失败客户登记表'!D4:D33,"B3",'失败客户登记表'!F4:F33,"G内部")
B11: C1 | C11: =COUNTIF('失败客户登记表'!D4:D33,"C1") | D11: =COUNTIFS('失败客户登记表'!D4:D33,"C1",'失败客户登记表'!F4:F33,"A时机") | E11: =COUNTIFS('失败客户登记表'!D4:D33,"C1",'失败客户登记表'!F4:F33,"B价格") | F11: =COUNTIFS('失败客户登记表'!D4:D33,"C1",'失败客户登记表'!F4:F33,"C价值") | G11: =COUNTIFS('失败客户登记表'!D4:D33,"C1",'失败客户登记表'!F4:F33,"D关系") | H11: =COUNTIFS('失败客户登记表'!D4:D33,"C1",'失败客户登记表'!F4:F33,"E信任") | I11: =COUNTIFS('失败客户登记表'!D4:D33,"C1",'失败客户登记表'!F4:F33,"F竞品") | J11: =COUNTIFS('失败客户登记表'!D4:D33,"C1",'失败客户登记表'!F4:F33,"G内部")
B12: C2 | C12: =COUNTIF('失败客户登记表'!D4:D33,"C2") | D12: =COUNTIFS('失败客户登记表'!D4:D33,"C2",'失败客户登记表'!F4:F33,"A时机") | E12: =COUNTIFS('失败客户登记表'!D4:D33,"C2",'失败客户登记表'!F4:F33,"B价格") | F12: =COUNTIFS('失败客户登记表'!D4:D33,"C2",'失败客户登记表'!F4:F33,"C价值") | G12: =COUNTIFS('失败客户登记表'!D4:D33,"C2",'失败客户登记表'!F4:F33,"D关系") | H12: =COUNTIFS('失败客户登记表'!D4:D33,"C2",'失败客户登记表'!F4:F33,"E信任") | I12: =COUNTIFS('失败客户登记表'!D4:D33,"C2",'失败客户登记表'!F4:F33,"F竞品") | J12: =COUNTIFS('失败客户登记表'!D4:D33,"C2",'失败客户登记表'!F4:F33,"G内部")
B13: C3 | C13: =COUNTIF('失败客户登记表'!D4:D33,"C3") | D13: =COUNTIFS('失败客户登记表'!D4:D33,"C3",'失败客户登记表'!F4:F33,"A时机") | E13: =COUNTIFS('失败客户登记表'!D4:D33,"C3",'失败客户登记表'!F4:F33,"B价格") | F13: =COUNTIFS('失败客户登记表'!D4:D33,"C3",'失败客户登记表'!F4:F33,"C价值") | G13: =COUNTIFS('失败客户登记表'!D4:D33,"C3",'失败客户登记表'!F4:F33,"D关系") | H13: =COUNTIFS('失败客户登记表'!D4:D33,"C3",'失败客户登记表'!F4:F33,"E信任") | I13: =COUNTIFS('失败客户登记表'!D4:D33,"C3",'失败客户登记表'!F4:F33,"F竞品") | J13: =COUNTIFS('失败客户登记表'!D4:D33,"C3",'失败客户登记表'!F4:F33,"G内部")
B14: 合计 | C14: =SUM(C5:C13) | D14: =SUM(D5:D13) | E14: =SUM(E5:E13) | F14: =SUM(F5:F13) | G14: =SUM(G5:G13) | H14: =SUM(H5:H13) | I14: =SUM(I5:I13) | J14: =SUM(J5:J13)

Sheet 产品价格分析
B2: 产品 / 价格失败分析
B4: ▼ 高频反对意见 TOP 10
B5: 排名 | C5: 反对意见 | D5: 出现次数 | E5: 改进对策
B6: 1 | C6: 竞品价格便宜 | E6: 出价值故事 + ROI 算法 + 三位一体捆绑
B7: 2 | C7: 我现在用别家 | E7: 强调互补 + 30 天免费试用
B8: 3 | C8: 没时间 | E8: 5 分钟演示 + 关键功能聚焦
B9: 4 | C9: 员工不会用 | E9: 10 分钟培训承诺 + 视频教学
B10: 5 | C10: 不相信 AI | E10: 30 天免费 + 同行案例
B11: 6 | C11: 先问别人 | E11: 案例 PDF + 同行电话联系
B12: 7 | C12: 没听说过你们 | E12: 权威背书 + 行业排名 + 客户名单
B13: 8 | C13: 用别家 AI | E13: 互补不替代
B14: 9 | C14: 看资料 | E14: 30 天免费试用
B15: 10 | C15: 找老板说 | E15: 先做『教练』，让他能讲清

Sheet 流程改进追踪
B2: 流程改进动作追踪
B4: 改进动作 | C4: 来源 | D4: 责任人 | E4: 开始日 | F4: 完成日 | G4: 状态

Sheet 月度复盘汇总
B2: 月度失败客户复盘汇总
B4: 指标 | C4: M1 | D4: M2 | E4: M3
B5: 新增失败客户数
B6: A 时机型
B7: B 价格型
B8: C 价值型
B9: D 关系型
B10: E 信任型
B11: F 竞品型
B12: G 内部型
B13: 失败 / 接触客户比
B14: 完成访谈数
B15: 已启动改进数
B16: 已完成改进数
... B22: 3. 下月最重要的 1 个改进是？
