Workbook

Sheet 使用说明
B2: 失败客户挽回数据看板
B4: 适用对象 | C4: 销售总监 + 业务 VP + 老板
B5: 使用步骤 | C5: ① 销售把过去 30+ 失败客户录入『挽回客户主表』 ② 标注 7 类型 + 启动挽回 ③ 切换『挽回漏斗』看 7 类型进展 ④ 切换『销售个人挽回率』看每个销售的挽回能力 ⑤ 切换『ROI 测算』看挽回投入产出
B6: 挽回率参考 | C6: A 时机型 40-60% | B 价格型 20-30% | C 价值型 25-35% D 关系型 30-40% | E 信任型 15-20% | F 竞品型 5-10% | G 内部型 15-25%
B7: 挽回 ROI | C7: 单客挽回成本 ¥9,000 vs 新客 ¥30-50K 挽回 ROI = 3-5 倍 vs 新客获取

Sheet 挽回客户主表
A1: 失败客户挽回主表（黄色 = 输入）
A3: # | B3: 客户名 | C3: 负责销售 | D3: 失败日期 | E3: 失败类型 | F3: 挽回阶段 | G3: 启动挽回日期 | H3: 预计签约金额(¥) | I3: 实际签约金额(¥) | J3: 备注
A4: 1 | B4: 邯郸 XX 钢贸 | C4: B1 | D4: 2026-03-15 | E4: B价格 | F4: 联系中 | G4: 2026-06-01 | H4: 100000 | J4: 降价 + 同行案例
A5: 2
A6: 3
A7: 4
A8: 5
A9: 6
A10: 7
A11: 8
A12: 9
A13: 10
A14: 11
A15: 12
A16: 13
... A33: 30

Sheet 挽回漏斗
B2: 7 类型挽回漏斗（自动统计）
B4: 类型 | C4: 总失败数 | D4: 已启动 | E4: 联系中 | F4: POC 中 | G4: 签约成功 | H4: 挽回失败 | I4: 挽回率
B5: A时机 | C5: =COUNTIF('挽回客户主表'!E4:E33,"A时机") | D5: =COUNTIFS('挽回客户主表'!E4:E33,"A时机",'挽回客户主表'!F4:F33,"<>待启动")-COUNTIFS('挽回客户主表'!E4:E33,"A时机",'挽回客户主表'!F4:F33,"") | E5: =COUNTIFS('挽回客户主表'!E4:E33,"A时机",'挽回客户主表'!F4:F33,"联系中") | F5: =COUNTIFS('挽回客户主表'!E4:E33,"A时机",'挽回客户主表'!F4:F33,"POC中") | G5: =COUNTIFS('挽回客户主表'!E4:E33,"A时机",'挽回客户主表'!F4:F33,"签约成功") | H5: =COUNTIFS('挽回客户主表'!E4:E33,"A时机",'挽回客户主表'!F4:F33,"挽回失败") | I5: 40-60%
B6: B价格 | C6: =COUNTIF('挽回客户主表'!E4:E33,"B价格") | D6: =COUNTIFS('挽回客户主表'!E4:E33,"B价格",'挽回客户主表'!F4:F33,"<>待启动")-COUNTIFS('挽回客户主表'!E4:E33,"B价格",'挽回客户主表'!F4:F33,"") | E6: =COUNTIFS('挽回客户主表'!E4:E33,"B价格",'挽回客户主表'!F4:F33,"联系中") | F6: =COUNTIFS('挽回客户主表'!E4:E33,"B价格",'挽回客户主表'!F4:F33,"POC中") | G6: =COUNTIFS('挽回客户主表'!E4:E33,"B价格",'挽回客户主表'!F4:F33,"签约成功") | H6: =COUNTIFS('挽回客户主表'!E4:E33,"B价格",'挽回客户主表'!F4:F33,"挽回失败") | I6: 20-30%
B7: C价值 | C7: =COUNTIF('挽回客户主表'!E4:E33,"C价值") | D7: =COUNTIFS('挽回客户主表'!E4:E33,"C价值",'挽回客户主表'!F4:F33,"<>待启动")-COUNTIFS('挽回客户主表'!E4:E33,"C价值",'挽回客户主表'!F4:F33,"") | E7: =COUNTIFS('挽回客户主表'!E4:E33,"C价值",'挽回客户主表'!F4:F33,"联系中") | F7: =COUNTIFS('挽回客户主表'!E4:E33,"C价值",'挽回客户主表'!F4:F33,"POC中") | G7: =COUNTIFS('挽回客户主表'!E4:E33,"C价值",'挽回客户主表'!F4:F33,"签约成功") | H7: =COUNTIFS('挽回客户主表'!E4:E33,"C价值",'挽回客户主表'!F4:F33,"挽回失败") | I7: 25-35%
B8: D关系 | C8: =COUNTIF('挽回客户主表'!E4:E33,"D关系") | D8: =COUNTIFS('挽回客户主表'!E4:E33,"D关系",'挽回客户主表'!F4:F33,"<>待启动")-COUNTIFS('挽回客户主表'!E4:E33,"D关系",'挽回客户主表'!F4:F33,"") | E8: =COUNTIFS('挽回客户主表'!E4:E33,"D关系",'挽回客户主表'!F4:F33,"联系中") | F8: =COUNTIFS('挽回客户主表'!E4:E33,"D关系",'挽回客户主表'!F4:F33,"POC中") | G8: =COUNTIFS('挽回客户主表'!E4:E33,"D关系",'挽回客户主表'!F4:F33,"签约成功") | H8: =COUNTIFS('挽回客户主表'!E4:E33,"D关系",'挽回客户主表'!F4:F33,"挽回失败") | I8: 30-40%
B9: E信任 | C9: =COUNTIF('挽回客户主表'!E4:E33,"E信任") | D9: =COUNTIFS('挽回客户主表'!E4:E33,"E信任",'挽回客户主表'!F4:F33,"<>待启动")-COUNTIFS('挽回客户主表'!E4:E33,"E信任",'挽回客户主表'!F4:F33,"") | E9: =COUNTIFS('挽回客户主表'!E4:E33,"E信任",'挽回客户主表'!F4:F33,"联系中") | F9: =COUNTIFS('挽回客户主表'!E4:E33,"E信任",'挽回客户主表'!F4:F33,"POC中") | G9: =COUNTIFS('挽回客户主表'!E4:E33,"E信任",'挽回客户主表'!F4:F33,"签约成功") | H9: =COUNTIFS('挽回客户主表'!E4:E33,"E信任",'挽回客户主表'!F4:F33,"挽回失败") | I9: 15-20%
B10: F竞品 | C10: =COUNTIF('挽回客户主表'!E4:E33,"F竞品") | D10: =COUNTIFS('挽回客户主表'!E4:E33,"F竞品",'挽回客户主表'!F4:F33,"<>待启动")-COUNTIFS('挽回客户主表'!E4:E33,"F竞品",'挽回客户主表'!F4:F33,"") | E10: =COUNTIFS('挽回客户主表'!E4:E33,"F竞品",'挽回客户主表'!F4:F33,"联系中") | F10: =COUNTIFS('挽回客户主表'!E4:E33,"F竞品",'挽回客户主表'!F4:F33,"POC中") | G10: =COUNTIFS('挽回客户主表'!E4:E33,"F竞品",'挽回客户主表'!F4:F33,"签约成功") | H10: =COUNTIFS('挽回客户主表'!E4:E33,"F竞品",'挽回客户主表'!F4:F33,"挽回失败") | I10: 5-10%
B11: G内部 | C11: =COUNTIF('挽回客户主表'!E4:E33,"G内部") | D11: =COUNTIFS('挽回客户主表'!E4:E33,"G内部",'挽回客户主表'!F4:F33,"<>待启动")-COUNTIFS('挽回客户主表'!E4:E33,"G内部",'挽回客户主表'!F4:F33,"") | E11: =COUNTIFS('挽回客户主表'!E4:E33,"G内部",'挽回客户主表'!F4:F33,"联系中") | F11: =COUNTIFS('挽回客户主表'!E4:E33,"G内部",'挽回客户主表'!F4:F33,"POC中") | G11: =COUNTIFS('挽回客户主表'!E4:E33,"G内部",'挽回客户主表'!F4:F33,"签约成功") | H11: =COUNTIFS('挽回客户主表'!E4:E33,"G内部",'挽回客户主表'!F4:F33,"挽回失败") | I11: 15-25%
B12: 合计 | C12: =SUM(C5:C11) | D12: =SUM(D5:D11) | E12: =SUM(E5:E11) | F12: =SUM(F5:F11) | G12: =SUM(G5:G11) | H12: =SUM(H5:H11)

Sheet 销售个人挽回率
B2: 9 销售个人挽回数据
B4: 销售 | C4: 失败客户数 | D4: 已启动挽回 | E4: 签约成功 | F4: 挽回失败 | G4: 挽回率 | H4: 签约金额(¥)
B5: A1 | C5: =COUNTIF('挽回客户主表'!C4:C33,"A1") | D5: =COUNTIFS('挽回客户主表'!C4:C33,"A1",'挽回客户主表'!F4:F33,"<>待启动")-COUNTIFS('挽回客户主表'!C4:C33,"A1",'挽回客户主表'!F4:F33,"") | E5: =COUNTIFS('挽回客户主表'!C4:C33,"A1",'挽回客户主表'!F4:F33,"签约成功") | F5: =COUNTIFS('挽回客户主表'!C4:C33,"A1",'挽回客户主表'!F4:F33,"挽回失败") | G5: =IFERROR(E5/C5,0) | H5: =SUMIFS('挽回客户主表'!I4:I33,'挽回客户主表'!C4:C33,"A1")
B6: A2 | C6: =COUNTIF('挽回客户主表'!C4:C33,"A2") | D6: =COUNTIFS('挽回客户主表'!C4:C33,"A2",'挽回客户主表'!F4:F33,"<>待启动")-COUNTIFS('挽回客户主表'!C4:C33,"A2",'挽回客户主表'!F4:F33,"") | E6: =COUNTIFS('挽回客户主表'!C4:C33,"A2",'挽回客户主表'!F4:F33,"签约成功") | F6: =COUNTIFS('挽回客户主表'!C4:C33,"A2",'挽回客户主表'!F4:F33,"挽回失败") | G6: =IFERROR(E6/C6,0) | H6: =SUMIFS('挽回客户主表'!I4:I33,'挽回客户主表'!C4:C33,"A2")
B7: A3 | C7: =COUNTIF('挽回客户主表'!C4:C33,"A3") | D7: =COUNTIFS('挽回客户主表'!C4:C33,"A3",'挽回客户主表'!F4:F33,"<>待启动")-COUNTIFS('挽回客户主表'!C4:C33,"A3",'挽回客户主表'!F4:F33,"") | E7: =COUNTIFS('挽回客户主表'!C4:C33,"A3",'挽回客户主表'!F4:F33,"签约成功") | F7: =COUNTIFS('挽回客户主表'!C4:C33,"A3",'挽回客户主表'!F4:F33,"挽回失败") | G7: =IFERROR(E7/C7,0) | H7: =SUMIFS('挽回客户主表'!I4:I33,'挽回客户主表'!C4:C33,"A3")
B8: B1 | C8: =COUNTIF('挽回客户主表'!C4:C33,"B1") | D8: =COUNTIFS('挽回客户主表'!C4:C33,"B1",'挽回客户主表'!F4:F33,"<>待启动")-COUNTIFS('挽回客户主表'!C4:C33,"B1",'挽回客户主表'!F4:F33,"") | E8: =COUNTIFS('挽回客户主表'!C4:C33,"B1",'挽回客户主表'!F4:F33,"签约成功") | F8: =COUNTIFS('挽回客户主表'!C4:C33,"B1",'挽回客户主表'!F4:F33,"挽回失败") | G8: =IFERROR(E8/C8,0) | H8: =SUMIFS('挽回客户主表'!I4:I33,'挽回客户主表'!C4:C33,"B1")
B9: B2 | C9: =COUNTIF('挽回客户主表'!C4:C33,"B2") | D9: =COUNTIFS('挽回客户主表'!C4:C33,"B2",'挽回客户主表'!F4:F33,"<>待启动")-COUNTIFS('挽回客户主表'!C4:C33,"B2",'挽回客户主表'!F4:F33,"") | E9: =COUNTIFS('挽回客户主表'!C4:C33,"B2",'挽回客户主表'!F4:F33,"签约成功") | F9: =COUNTIFS('挽回客户主表'!C4:C33,"B2",'挽回客户主表'!F4:F33,"挽回失败") | G9: =IFERROR(E9/C9,0) | H9: =SUMIFS('挽回客户主表'!I4:I33,'挽回客户主表'!C4:C33,"B2")
B10: B3 | C10: =COUNTIF('挽回客户主表'!C4:C33,"B3") | D10: =COUNTIFS('挽回客户主表'!C4:C33,"B3",'挽回客户主表'!F4:F33,"<>待启动")-COUNTIFS('挽回客户主表'!C4:C33,"B3",'挽回客户主表'!F4:F33,"") | E10: =COUNTIFS('挽回客户主表'!C4:C33,"B3",'挽回客户主表'!F4:F33,"签约成功") | F10: =COUNTIFS('挽回客户主表'!C4:C33,"B3",'挽回客户主表'!F4:F33,"挽回失败") | G10: =IFERROR(E10/C10,0) | H10: =SUMIFS('挽回客户主表'!I4:I33,'挽回客户主表'!C4:C33,"B3")
B11: C1 | C11: =COUNTIF('挽回客户主表'!C4:C33,"C1") | D11: =COUNTIFS('挽回客户主表'!C4:C33,"C1",'挽回客户主表'!F4:F33,"<>待启动")-COUNTIFS('挽回客户主表'!C4:C33,"C1",'挽回客户主表'!F4:F33,"") | E11: =COUNTIFS('挽回客户主表'!C4:C33,"C1",'挽回客户主表'!F4:F33,"签约成功") | F11: =COUNTIFS('挽回客户主表'!C4:C33,"C1",'挽回客户主表'!F4:F33,"挽回失败") | G11: =IFERROR(E11/C11,0) | H11: =SUMIFS('挽回客户主表'!I4:I33,'挽回客户主表'!C4:C33,"C1")
B12: C2 | C12: =COUNTIF('挽回客户主表'!C4:C33,"C2") | D12: =COUNTIFS('挽回客户主表'!C4:C33,"C2",'挽回客户主表'!F4:F33,"<>待启动")-COUNTIFS('挽回客户主表'!C4:C33,"C2",'挽回客户主表'!F4:F33,"") | E12: =COUNTIFS('挽回客户主表'!C4:C33,"C2",'挽回客户主表'!F4:F33,"签约成功") | F12: =COUNTIFS('挽回客户主表'!C4:C33,"C2",'挽回客户主表'!F4:F33,"挽回失败") | G12: =IFERROR(E12/C12,0) | H12: =SUMIFS('挽回客户主表'!I4:I33,'挽回客户主表'!C4:C33,"C2")
B13: C3 | C13: =COUNTIF('挽回客户主表'!C4:C33,"C3") | D13: =COUNTIFS('挽回客户主表'!C4:C33,"C3",'挽回客户主表'!F4:F33,"<>待启动")-COUNTIFS('挽回客户主表'!C4:C33,"C3",'挽回客户主表'!F4:F33,"") | E13: =COUNTIFS('挽回客户主表'!C4:C33,"C3",'挽回客户主表'!F4:F33,"签约成功") | F13: =COUNTIFS('挽回客户主表'!C4:C33,"C3",'挽回客户主表'!F4:F33,"挽回失败") | G13: =IFERROR(E13/C13,0) | H13: =SUMIFS('挽回客户主表'!I4:I33,'挽回客户主表'!C4:C33,"C3")
B14: 合计 | C14: =SUM(C5:C13) | D14: =SUM(D5:D13) | E14: =SUM(E5:E13) | F14: =SUM(F5:F13) | H14: =SUM(H5:H13)

Sheet 月度趋势
B2: 月度挽回趋势
B4: 指标 | C4: M1 | D4: M2 | E4: M3 | F4: 3 月累计
B5: 新增失败客户 | F5: =SUM(C5:E5)
B6: 启动挽回数 | F6: =SUM(C6:E6)
B7: 联系成功数 | F7: =SUM(C7:E7)
B8: POC 启动数 | F8: =SUM(C8:E8)
B9: 签约成功数 | F9: =SUM(C9:E9)
B10: 签约金额(¥) | F10: =SUM(C10:E10)
B11: 投入成本(¥) | F11: =SUM(C11:E11)
B12: 净收益(¥) | F12: =SUM(C12:E12)

Sheet ROI测算
B2: 挽回 ROI 测算
B4: 指标 | C4: 挽回 | D4: 新客户 | E4: 对比 | F4: 结论
B5: CAC 单客成本(¥) | C5: 9000 | D5: 40000 | E5: =D5/C5 | F5: 挽回成本 = 1/4
B6: 平均客单价(¥) | C6: 100000 | D6: 100000 | E6: 1 | F6: 一致
B7: 转化率 | C7: 0.2 | D7: 0.07 | E7: =C7/D7 | F7: 挽回成功率 = 2.9x
B8: ROI | C8: =C6/C5 | D8: =D6/D5 | E8: =C8/D8 | F8: 挽回 ROI = 3-5x
B10: ▼ 30 个失败客户的预期收益
B11: 30 个失败客户中『启动挽回』数 | C11: 25
B12: 预期签约客户（20% 挽回率） | C12: 5
B13: 平均签约金额(¥) | C13: 100000
B14: 预期总签约金额(¥) | C14: =C12*C13
B15: 投入成本（¥9,000 × 25） | C15: =25*9000
B16: 净收益(¥) | C16: =C14-C15
B17: ROI | C17: =C14/C15
