Workbook

Sheet 使用说明
B2: 灯塔厂候选 30 家评分表（v1.0）
B4: 适用对象 | C4: 老板 + 2 销售总监 + 销售运营经理
B5: 使用步骤 | C5: ① 打开『30 家候选评分』sheet，黄色单元格填写客户基本信息 ② 黄色 10 列评分（每维度 1-5 分）由老板、A 总监、B 总监 3 人独立打分再平均 ③ 绿色单元格自动计算总分 + 等级（S/A/B/C） ④ 切换『等级分布』『推进进度看板』看自动统计
B6: 评分铁律 | C6: 1. 每家候选必须满足『3 不要』后才能进表 2. 评分由 3 人独立打分平均，避免单人主观 3. S 级（≥80）老板亲自跑；A 级（65-79）销售总监主跟 4. 30 家里争取 ≥6 家 S/A 级
B7: 时间节点 | C7: W1 周一-周四：列初版 30 家草稿 W1 周五：评分定稿 W2-W3：S 级老板亲自跑、A 级销售总监跑 W3-W4：第 1 家灯塔厂签约 POC
B8: 注意事项 | C8: 1. 黄色 = 输入；绿色 = 自动；蓝色 = 表头 2. 修改评分立即看到等级变化 3. 每周一战报会更新『当前进度』+『下次跟进日期』 4. 每月一次重排序

Sheet 评分维度参考
B2: 10 个评分维度参考（评分时对照本页）
B4: 维度 | C4: 权重 | D4: 5 分 | E4: 4 分 | F4: 3 分 | G4: 2 分 | H4: 1 分
B5: ① 老板年龄段 | C5: 2 | D5: 40-55 岁 | E5: 35-39 | F5: 56-60 | G5: ≥61 | H5: ≥65（不选）
B6: ② 老板出镜意愿 | C6: 2 | D6: 已有抖音/视频号 | E6: 愿出镜需包装 | F6: 勉强同意 | G6: 极不情愿 | H6: 明确拒绝
B7: ③ 厂区可看度 | C7: 1 | D7: 示范工厂 | E7: 整洁先进 | F7: 标准车间 | G7: 偏脏乱 | H7: 完全不能拍
B8: ④ 产业带地位 | C8: 2 | D8: 前 3 协会副会长级 | E8: 前 10 | F8: 中等知名 | G8: 本地圈知道 | H8: 默默无闻
B9: ⑤ 年产值规模 | C9: 2 | D9: 5-30 亿 | E9: 3-5 或 30-50 亿 | F9: 1-3 或 50-100 亿 | G9: <1 或 >100 亿 | H9: 极端
B10: ⑥ 客户结构 | C10: 2 | D10: 出口/汽车/家电≥30% | E10: 10-30% | F10: 本地工程为主 | G10: 小客户为主 | H10: 不清晰
B11: ⑦ 数字化基础 | C11: 1 | D11: 金蝶+仓库 Excel | E11: 仅金蝶 | F11: 手工+Excel | G11: 纯手工 | H11: 失败 ERP 包袱
B12: ⑧ 决策链 | C12: 3 | D12: 老板一人拍板 | E12: 老板+1 副总 | F12: 老板+多副总 | G12: 经理人/二代分歧 | H12: 股东多方博弈
B13: ⑨ 与我方关系 | C13: 3 | D13: 老板已熟 | E13: 强引荐路径 | F13: 弱引荐 | G13: 知道公司无人脉 | H13: 纯陌生
B14: ⑩ 见效速度 | C14: 2 | D14: 已主动咨询有预算 | E14: 今年必做(审厂) | F14: 1-2 年计划 | G14: 在观望 | H14: 无意识
B17: 总分 = ①×2 + ②×2 + ③×1 + ④×2 + ⑤×2 + ⑥×2 + ⑦×1 + ⑧×3 + ⑨×3 + ⑩×2 = 满分 100 等级：S（≥80） / A（65-79） / B（50-64） / C（<50，淘汰）

Sheet 30家候选评分
A1: 灯塔厂候选 30 家评分表（黄色 = 必填，绿色 = 自动）
A3: # | B3: 客群 | C3: 公司全称 | D3: 老板姓名 | E3: 年龄 | F3: 城市 | G3: 年产值(亿) | H3: 产线 | I3: 主要客户 | J3: 介绍人 | K3: 关系强度 | L3: ①老板年龄 | M3: ②出镜 | N3: ③厂区 | O3: ④产业带 | P3: ⑤产值 | Q3: ⑥客户 | R3: ⑦数字化 | S3: ⑧决策链 | T3: ⑨关系 | U3: ⑩见效 | V3: 总分 | W3: 等级 | X3: 负责人 | Y3: 当前进度 | Z3: 下一步动作 | AA3: 跟进日
A4: 1 | B4: 钢管 | C4: 邯郸 XX 钢管科技 | D4: 张 XX | E4: 55 | F4: 邯郸 | G4: 1.8 | H4: 4 | I4: 建筑/家具/出口 | J4: 王 XX(轧机厂) | K4: 中 | L4: 4 | M4: 3 | N4: 4 | O4: 4 | P4: 5 | Q4: 5 | R4: 4 | S4: 4 | T4: 3 | U4: 4 | V4: =IF(COUNTA(L4:U4)<10,"",L4*2+M4*2+N4*1+O4*2+P4*2+Q4*2+R4*1+S4*3+T4*3+U4*2) | W4: =IF(V4="","",IF(V4>=80,"S",IF(V4>=65,"A",IF(V4>=50,"B","C"))))
A5: 2 | V5: =IF(COUNTA(L5:U5)<10,"",L5*2+M5*2+N5*1+O5*2+P5*2+Q5*2+R5*1+S5*3+T5*3+U5*2) | W5: =IF(V5="","",IF(V5>=80,"S",IF(V5>=65,"A",IF(V5>=50,"B","C"))))
A6: 3 | V6: =IF(COUNTA(L6:U6)<10,"",L6*2+M6*2+N6*1+O6*2+P6*2+Q6*2+R6*1+S6*3+T6*3+U6*2) | W6: =IF(V6="","",IF(V6>=80,"S",IF(V6>=65,"A",IF(V6>=50,"B","C"))))
A7: 4 | V7: =IF(COUNTA(L7:U7)<10,"",L7*2+M7*2+N7*1+O7*2+P7*2+Q7*2+R7*1+S7*3+T7*3+U7*2) | W7: =IF(V7="","",IF(V7>=80,"S",IF(V7>=65,"A",IF(V7>=50,"B","C"))))
A8: 5 | V8: =IF(COUNTA(L8:U8)<10,"",L8*2+M8*2+N8*1+O8*2+P8*2+Q8*2+R8*1+S8*3+T8*3+U8*2) | W8: =IF(V8="","",IF(V8>=80,"S",IF(V8>=65,"A",IF(V8>=50,"B","C"))))
A9: 6 | V9: =IF(COUNTA(L9:U9)<10,"",L9*2+M9*2+N9*1+O9*2+P9*2+Q9*2+R9*1+S9*3+T9*3+U9*2) | W9: =IF(V9="","",IF(V9>=80,"S",IF(V9>=65,"A",IF(V9>=50,"B","C"))))
A10: 7 | V10: =IF(COUNTA(L10:U10)<10,"",L10*2+M10*2+N10*1+O10*2+P10*2+Q10*2+R10*1+S10*3+T10*3+U10*2) | W10: =IF(V10="","",IF(V10>=80,"S",IF(V10>=65,"A",IF(V10>=50,"B","C"))))
A11: 8 | V11: =IF(COUNTA(L11:U11)<10,"",L11*2+M11*2+N11*1+O11*2+P11*2+Q11*2+R11*1+S11*3+T11*3+U11*2) | W11: =IF(V11="","",IF(V11>=80,"S",IF(V11>=65,"A",IF(V11>=50,"B","C"))))
A12: 9 | V12: =IF(COUNTA(L12:U12)<10,"",L12*2+M12*2+N12*1+O12*2+P12*2+Q12*2+R12*1+S12*3+T12*3+U12*2) | W12: =IF(V12="","",IF(V12>=80,"S",IF(V12>=65,"A",IF(V12>=50,"B","C"))))
A13: 10 | V13: =IF(COUNTA(L13:U13)<10,"",L13*2+M13*2+N13*1+O13*2+P13*2+Q13*2+R13*1+S13*3+T13*3+U13*2) | W13: =IF(V13="","",IF(V13>=80,"S",IF(V13>=65,"A",IF(V13>=50,"B","C"))))
A14: 11 | V14: =IF(COUNTA(L14:U14)<10,"",L14*2+M14*2+N14*1+O14*2+P14*2+Q14*2+R14*1+S14*3+T14*3+U14*2) | W14: =IF(V14="","",IF(V14>=80,"S",IF(V14>=65,"A",IF(V14>=50,"B","C"))))
A15: 12 | V15: =IF(COUNTA(L15:U15)<10,"",L15*2+M15*2+N15*1+O15*2+P15*2+Q15*2+R15*1+S15*3+T15*3+U15*2) | W15: =IF(V15="","",IF(V15>=80,"S",IF(V15>=65,"A",IF(V15>=50,"B","C"))))
A16: 13 | V16: =IF(COUNTA(L16:U16)<10,"",L16*2+M16*2+N16*1+O16*2+P16*2+Q16*2+R16*1+S16*3+T16*3+U16*2) | W16: =IF(V16="","",IF(V16>=80,"S",IF(V16>=65,"A",IF(V16>=50,"B","C"))))
... A33: 30 | V33: =IF(COUNTA(L33:U33)<10,"",L33*2+M33*2+N33*1+O33*2+P33*2+Q33*2+R33*1+S33*3+T33*3+U33*2) | W33: =IF(V33="","",IF(V33>=80,"S",IF(V33>=65,"A",IF(V33>=50,"B","C"))))

Sheet 等级分布
B2: 30 家清单等级自动统计
B4: 等级 | C4: 家数 | D4: 占比 | E4: 建议动作
B5: S（≥80） | C5: =COUNTIF('30家候选评分'!W4:W33,"S") | D5: =IFERROR(C5/COUNTA('30家候选评分'!W4:W33),0) | E5: 老板亲自跑 + 5 折/利润分成
B6: A（65-79） | C6: =COUNTIF('30家候选评分'!W4:W33,"A") | D6: =IFERROR(C6/COUNTA('30家候选评分'!W4:W33),0) | E6: 销售总监主跟 + 6-7 折
B7: B（50-64） | C7: =COUNTIF('30家候选评分'!W4:W33,"B") | D7: =IFERROR(C7/COUNTA('30家候选评分'!W4:W33),0) | E7: 排队跟进
B8: C（<50） | C8: =COUNTIF('30家候选评分'!W4:W33,"C") | D8: =IFERROR(C8/COUNTA('30家候选评分'!W4:W33),0) | E8: 出 30 家清单
B9: 累计已评分 | C9: =COUNTA('30家候选评分'!W4:W33)

Sheet 推进进度看板
B2: 30 家清单推进进度自动统计
B4: 阶段 | C4: 家数 | D4: 占比 | E4: 目标值
B5: 候选 | C5: =COUNTIF('30家候选评分'!Y4:Y33,"候选") | D5: =IFERROR(C5/COUNTA('30家候选评分'!Y4:Y33),0) | E5: ≥ 30 家
B6: 已接触 | C6: =COUNTIF('30家候选评分'!Y4:Y33,"已接触") | D6: =IFERROR(C6/COUNTA('30家候选评分'!Y4:Y33),0) | E6: ≥ 25 家
B7: 首次拜访 | C7: =COUNTIF('30家候选评分'!Y4:Y33,"首次拜访") | D7: =IFERROR(C7/COUNTA('30家候选评分'!Y4:Y33),0) | E7: ≥ 20 家
B8: 工作坊 | C8: =COUNTIF('30家候选评分'!Y4:Y33,"工作坊") | D8: =IFERROR(C8/COUNTA('30家候选评分'!Y4:Y33),0) | E8: ≥ 8 家
B9: POC | C9: =COUNTIF('30家候选评分'!Y4:Y33,"POC") | D9: =IFERROR(C9/COUNTA('30家候选评分'!Y4:Y33),0) | E9: ≥ 6 家
B10: 签约 | C10: =COUNTIF('30家候选评分'!Y4:Y33,"签约") | D10: =IFERROR(C10/COUNTA('30家候选评分'!Y4:Y33),0) | E10: ≥ 4 家（含灯塔）
B11: 上线 | C11: =COUNTIF('30家候选评分'!Y4:Y33,"上线") | D11: =IFERROR(C11/COUNTA('30家候选评分'!Y4:Y33),0) | E11: ≥ 2 家
B12: 放弃 | C12: =COUNTIF('30家候选评分'!Y4:Y33,"放弃") | D12: =IFERROR(C12/COUNTA('30家候选评分'!Y4:Y33),0) | E12: ≤ 5 家
